Date,Island,GPS,Waypoint,Plot,Burrows,Occ1,Occ2
8/16/2022,Puffin,3,106,AA1,8,0,0
8/16/2022,Puffin,3,110,AA2,11,1,1
8/16/2022,Puffin,3,115,AA3,0,NA,NA
8/16/2022,Puffin,3,120,AA4,4,1,1
8/16/2022,Puffin,3,125,AA5,12,1,1
8/16/2022,Puffin,3,125,BB1,5,0,1
8/16/2022,Puffin,3,129,BB2,2,0,0
8/16/2022,Puffin,3,134,BB3,0,NA,NA
8/16/2022,Puffin,3,139,BB4,4,0,1
8/16/2022,Puffin,3,140,CC1,0,NA,NA
8/16/2022,Puffin,3,144,CC2,4,0,1
8/16/2022,Puffin,3,147,CC3,2,1,1
8/16/2022,Puffin,3,149,CC4,3,0,1
8/16/2022,Puffin,3,154,CC5,2,1,0
8/16/2022,Puffin,3,159,CC6,5,0,1
8/16/2022,Puffin,3,164,CC7,3,0,0
8/16/2022,Puffin,4,141,1,4,0,0
8/16/2022,Puffin,4,145,2,3,0,0
8/16/2022,Puffin,4,150,3,2,0,1
8/16/2022,Puffin,4,155,4,3,0,1
8/16/2022,Puffin,4,160,5,1,1,NA
8/16/2022,Puffin,4,165,6,5,1,0
8/16/2022,Puffin,4,170,7,6,1,1
8/16/2022,Puffin,4,175,8,2,1,0
8/16/2022,Puffin,4,180,9,3,0,0
8/16/2022,Puffin,4,185,10,3,1,1
8/16/2022,Puffin,4,190,11,1,1,NA
8/16/2022,Puffin,4,195,12,5,1,1
8/16/2022,Puffin,4,200,13,3,1,1
8/16/2022,Puffin,4,205,14,6,1,0
8/16/2022,Puffin,4,210,15,6,1,1
8/16/2022,Puffin,4,215,16,6,1,1
8/16/2022,Puffin,4,220,17,8,0,1
8/16/2022,Puffin,4,225,18,2,1,0
8/16/2022,Puffin,4,230,19,5,0,1
8/14/2022,Kaligagan,4,85,A1,3,0,1
8/14/2022,Kaligagan,4,87,A2,1,0,NA
8/14/2022,Kaligagan,4,88,A3,2,0,0
8/14/2022,Kaligagan,4,89,A4,1,1,NA
8/14/2022,Kaligagan,4,90,A5,9,1,0
8/14/2022,Kaligagan,4,91,A6,13,0,0
8/14/2022,Kaligagan,4,92,A7,14,1,1
8/14/2022,Kaligagan,4,93,A8,11,1,1
8/14/2022,Kaligagan,4,94,A9,9,1,0
8/14/2022,Kaligagan,4,95,A10,8,0,0
8/14/2022,Kaligagan,4,96,A11,11,0,0
8/14/2022,Kaligagan,4,97,A12,10,1,1
8/14/2022,Kaligagan,4,98,A13,9,1,1
8/14/2022,Kaligagan,4,101,A14,4,0,1
8/14/2022,Kaligagan,4,102,A15,7,1,0
8/14/2022,Kaligagan,4,103,A16,6,0,1
8/14/2022,Kaligagan,4,106,B17,5,0,1
8/14/2022,Kaligagan,4,110,B18,15,0,0
8/14/2022,Kaligagan,4,115,B19,5,1,1
8/14/2022,Kaligagan,4,120,B20,13,1,0
8/14/2022,Kaligagan,4,125,B21,10,1,1
8/14/2022,Kaligagan,4,126,C22,9,0,1
8/14/2022,Kaligagan,4,136,C23,6,1,1
8/14/2022,Kaligagan,4,139,C24,2,0,0
8/14/2022,Kaligagan,3,65,1,9,0,0
8/14/2022,Kaligagan,3,71,2,9,1,1
8/14/2022,Kaligagan,3,74,3,1,0,NA
8/14/2022,Kaligagan,3,79,4,7,1,1
8/14/2022,Kaligagan,3,84,5,4,1,1
8/14/2022,Kaligagan,3,85,6,2,1,0
8/14/2022,Kaligagan,3,89,7,5,0,1
8/14/2022,Kaligagan,3,94,8,8,1,1
8/14/2022,Kaligagan,3,99,9,1,1,NA
8/14/2022,Kaligagan,3,104,10,5,0,0
